Displayname;Location
ᴳᵁᴵᴰᴼ;London, United Kingdom
µBio;California
µilad;Tehran, Iran
0__;unknown
0_o;unknown
0_o;unknown
0_o;unknown
0_o;unknown
0_o;unknown
0_o;unknown
000;unknown
000;unknown
0000;unknown
00010000;unknown
001;unknown
001;Mumbai, India
007;unknown
007;unknown
007jet;Baltimore, MD
00freedom;unknown
00noOne;unknown
010;unknown
0100110010101;unknown
01001111;Earth, TX
010110110101;unknown
0124816;Mountain View, CA
01AutoMonkey;unknown
01d;unknown
01es;Melbourne, Victoria, Australia
01walid;Annaba, Algeria
02Anant;Los Angeles, CA
02strich;unknown
03B;unknown
03it49;unknown
03Usr;unknown
05WRXSTi;unknown
07hc420;unknown
08Hawkeye;unknown
09-45;unknown
0atman;London, United Kingdom
0b10011;Traverse City, MI
0bfus;United States
0bj3ct.m3th0d;Atlanta, GA
0bserver07;United States
0bytes;unknown
0concern;unknown
0cool;Pune, India
0dd_b1t;Russia
0fnt;unknown
0GiS0;Spain
0l33l;San Francisco, CA
0m3r;unknown
0m4r;Düsseldorf, Germany
0NLY777;unknown
0nwards;unknown
0pcl;unknown
0ph3l14;unknown
0plus1;Melbourne, Victoria, Australia
0rca;Remote
0scar;unknown
0sh;Stockholm, Sweden
0sumgain;North East, MD
0SX;Earth, TX
0tar0gz;unknown
0v3rth3d4wn;Bulgaria
0wl;Serbia, Belgrade
0x1b;Kirkland, WA
0x1mason;Derm, Cackalack del Norte
0x24a537r9;Venice, California
0x2D9A3;.se
0x3333;Sao Paulo, Brazil
0x434D53;Palo Alto, CA, US
0x44;Hangzhou, China
0x49D1;Tbilisi, Georgia
0x5f3759df;unknown
0x69;unknown
0x6adb015;Montreal, Canada
0x808080;StackOverflowton
0x808080;unknown
0x89;Europe
0x8b4df00d;unknown
0x8badf00d;Dallas, TX, United States
0x90;Germany
0x90;unknown
0xab3d;Amman, Jordan
0xAF;Varna, Bulgaria
0xAX;unknown
0xB33F;unknown
0xBAADF00D;France
0xbaadf00d;Tampere, Finland
0xbadbeef;London, United Kingdom
0xbadf00d;Germany
0xbeefdead;unknown
0xC0000022L;unknown
0xC0DEFACE;Brisbane, Australia
0xCAFEBABE;Tim Booked Two
0xced;Fribourg, Switzerland
0xception;Minneapolis, MN, United States
0xDE4E15B;Riga, Republic of Latvia
0xDEAD BEEF;Latvia
0xDEADBEEF;unknown
0xDEADBEEF;Munich, Germany
0xDEFACE;unknown
0xe9;unknown
0xF;unknown
0xf3f;Germany
0xFaCeB00c;unknown
0xfaded;unknown
0xfe;unknown
0xFF;unknown
0xFF;unknown
0xFF;unknown
0xFF;unknown
0xff0000;unknown
0xff00ff;unknown
0xG;unknown
0xHenry;Helsinki, Finland
0xhiryuu;unknown
0XO;unknown
0xSeb;unknown
0zkar;unknown
1'''';unknown
1.01pm;Atlantis, FL
1.21 gigawatts;California
1.618;unknown
1_am_Jack;Portland
10 cls;unknown
1000 Needles;Asheville, NC
1000i1;unknown
1001010101;unknown
10010110;unknown
100grams;Amsterdam, The Netherlands
100KG;unknown
100r;Belgrade, Serbia
100rabh;Indore, India
101010110101;Chicago, IL
1015;unknown
101V;unknown
1073x;unknown
1077;unknown
108;unknown
109221793;Ireland
10goto10;unknown
10goto10;unknown
10ToedSloth;unknown
10us;Haarlem, The Netherlands
10wattmindtrip;unknown
1100101;Dresden, Germany
1101;unknown
1101;unknown
1101;unknown
1101;unknown
1101;unknown
1101;unknown
111;unknown
1110;unknown
1111000110;unknown
111111;unknown
1111161171159459134;unknown
1-14x0r;United States
11helen;unknown
11Monkeys;Tomahawk, WI
11to3;unknown
12 Dogs;unknown
123;unknown
123;unknown
123;unknown
123;unknown
123;unknown
123;unknown
1-2-3;unknown
123 456 789 0;unknown
1234;Pune, India
12345;unknown
12345;unknown
12345;London, United Kingdom
1234sdf;unknown
123abc;unknown
123Developer;Bangalore, India
123Ex;unknown
123Ex;unknown
123hal321;unknown
123kit;unknown
123quatre;unknown
123quatre;unknown
12983;unknown
12ChocolateBrownies;unknown
12d3;unknown
12may;unknown
12mrsaturns;unknown
131;Paris, France
131nary;unknown
1337;Oakland, CA
133794m3r;United States
1337c0d3r;unknown
1337holiday;Orlando, Fl
1337ingDisorder;unknown
13470;St. Petersburg, Russia
135498;unknown
1355;India
